[
    {
        "accountId": 15,
        "accountName": "Bajaj",
        "accountAdmin": "Atchaiah Purni",
        "noOfUsers": 1,
        "vertical": "BFS"
    },
    {
        "accountId": 3,
        "accountName": "Genpact",
        "accountAdmin": "purni Atchaiah",
        "noOfUsers": 1,
        "vertical": "CGRLH"
    },
    {
        "accountId": 8,
        "accountName": "HDFC",
        "accountAdmin": "renu balodhi",
        "noOfUsers": 1,
        "vertical": "HMS"
    },
    {
        "accountId": 7,
        "accountName": "Hp",
        "accountAdmin": "Girish Nandyal",
        "noOfUsers": 1,
        "vertical": "HMS"
    },
    {
        "accountId": 1,
        "accountName": "testing",
        "accountAdmin": "Himanshu Shekhar",
        "noOfUsers": 2,
        "vertical": "HMS"
    },
    {
        "accountId": 6,
        "accountName": "Wellsfargo",
        "accountAdmin": "Anil Chandore",
        "noOfUsers": 3,
        "vertical": "HMS"
    }
]