{
    "ticketDetails": [
        {
            "ticketId": "TKT4388UK1",
            "type": "P1",
            "status": "0",
            "description": "description",
            "robotId": "XYZ",
            "processName": "Operation",
            "createdBy": "Anurag  Sethi",
            "createdOn": "22/12/2017",
            "location": "Banglore",
            "alertOrganisationDetails": "alertOrganisationDetails",
            "affectedClientDetails": "affectedClientDetails",
            "issueDescription": "issueDescription",
            "additionalInfo": "additionalInfo"
        },
        {
            "ticketId": "TKT4386UK2",
            "type": "P1",
            "status": "1",
            "description": "description",
            "robotId": "XYZ",
            "processName": "Operation",
            "createdBy": "Anurag  Sethi",
            "createdOn": "22/12/2017",
            "location": "Banglore",
            "alertOrganisationDetails": "alertOrganisationDetails",
            "affectedClientDetails": "affectedClientDetails",
            "issueDescription": "issueDescription",
            "additionalInfo": "additionalInfo"
        },
        {
            "ticketId": "TKT4386UK3",
            "type": "P3",
            "status": "2",
            "description": "description",
            "robotId": "XYZ",
            "processName": "Operation",
            "createdBy": "Anurag  Sethi",
            "createdOn": "22/12/2017",
            "location": "Banglore",
            "alertOrganisationDetails": "alertOrganisationDetails",
            "affectedClientDetails": "affectedClientDetails",
            "issueDescription": "issueDescription",
            "additionalInfo": "additionalInfo"
        },
        {
            "ticketId": "TKT4386UK4",
            "type": "P3",
            "status": "2",
            "description": "description",
            "robotId": "XYZ",
            "processName": "Operation",
            "createdBy": "Anurag  Sethi",
            "createdOn": "22/12/2017",
            "location": "Banglore",
            "alertOrganisationDetails": "alertOrganisationDetails",
            "affectedClientDetails": "affectedClientDetails",
            "issueDescription": "issueDescription",
            "additionalInfo": "additionalInfo"
        },
        {
            "ticketId": "TKT4386UK5",
            "type": "P1",
            "status": "0",
            "description": "description",
            "robotId": "XYZ",
            "processName": "Operation",
            "createdBy": "Anurag  Sethi",
            "createdOn": "22/12/2017",
            "location": "Banglore",
            "alertOrganisationDetails": "alertOrganisationDetails",
            "affectedClientDetails": "affectedClientDetails",
            "issueDescription": "issueDescription",
            "additionalInfo": "additionalInfo"
        },
        {
            "ticketId": "TKT4386UK6",
            "type": "P2",
            "status": "1",
            "description": "description",
            "robotId": "XYZ",
            "processName": "Operation",
            "createdBy": "Anurag  Sethi",
            "createdOn": "22/12/2017",
            "location": "Banglore",
            "alertOrganisationDetails": "alertOrganisationDetails",
            "affectedClientDetails": "affectedClientDetails",
            "issueDescription": "issueDescription",
            "additionalInfo": "additionalInfo"
        },
        {
            "ticketId": "TKT4386UK7",
            "type": "P1",
            "status": "0",
            "description": "description",
            "robotId": "XYZ",
            "processName": "Operation",
            "createdBy": "Anurag  Sethi",
            "createdOn": "22/12/2017",
            "location": "Banglore",
            "alertOrganisationDetails": "alertOrganisationDetails",
            "affectedClientDetails": "affectedClientDetails",
            "issueDescription": "issueDescription",
            "additionalInfo": "additionalInfo"
        },
        {
            "ticketId": "ticketId8",
            "type": "P3",
            "status": "status",
            "description": "description",
            "robotId": "robotId",
            "processName": "processName",
            "createdBy": "createdBy",
            "createdOn": "createdOn",
            "location": "location",
            "alertOrganisationDetails": "alertOrganisationDetails",
            "affectedClientDetails": "affectedClientDetails",
            "issueDescription": "issueDescription",
            "additionalInfo": "additionalInfo"
        },
        {
            "ticketId": "TKT4386UK9",
            "type": "P2",
            "status": "1",
            "description": "description",
            "robotId": "XYZ",
            "processName": "Operation",
            "createdBy": "Anurag  Sethi",
            "createdOn": "22/12/2017",
            "location": "Banglore",
            "alertOrganisationDetails": "alertOrganisationDetails",
            "affectedClientDetails": "affectedClientDetails",
            "issueDescription": "issueDescription",
            "additionalInfo": "additionalInfo"
        },
        {
            "ticketId": "TKT4386UK10",
            "type": "P2",
            "status": "2",
            "description": "description",
            "robotId": "XYZ",
            "processName": "Operation",
            "createdBy": "Anurag  Sethi",
            "createdOn": "22/12/2017",
            "location": "Banglore",
            "alertOrganisationDetails": "alertOrganisationDetails",
            "affectedClientDetails": "affectedClientDetails",
            "issueDescription": "issueDescription",
            "additionalInfo": "additionalInfo"
        }
    ]
}