{
    "verticalList": [
        {
            "id": 1,
            "verticalName": "BFS",
            "description": "BFS",
            "status": "Active",
            "timestamp": null
        },
        {
            "id": 2,
            "verticalName": "HMS",
            "description": "HMS",
            "status": "Active",
            "timestamp": null
        },
        {
            "id": 3,
            "verticalName": "CGRLH",
            "description": "CGRLH",
            "status": "Active",
            "timestamp": null
        },
        {
            "id": 4,
            "verticalName": "Others",
            "description": "Others",
            "status": "Active",
            "timestamp": null
        },
        {
            "id": 5,
            "verticalName": "Insurance",
            "description": "Insurance",
            "status": "Active",
            "timestamp": null
        }
    ]
}